Workbook

Sheet 連絡網_201801
G3: 日浦 健二 | K3: 福岡 法和 | N3: 松田 豪之扶 | Q3: 出口 栄一 | T3: 野田 哲男 | W3: 森 美弥
G4: =IF(G3="","",VLOOKUP(G3,表示電話番号一覧!$C:$F,4,FALSE)) -> 080-3754-3568 | K4: =IF(K3="","",VLOOKUP(K3,表示電話番号一覧!$C:$F,4,FALSE)) -> 080-4862-3745 | N4: =IF(N3="","",VLOOKUP(N3,表示電話番号一覧!$C:$F,4,FALSE)) -> 090-1791-5298 | Q4: =IF(Q3="","",VLOOKUP(Q3,表示電話番号一覧!$C:$F,4,FALSE)) -> 090-3104-3067 | T4: =IF(T3="","",VLOOKUP(T3,表示電話番号一覧!$C:$F,4,FALSE)) -> 080-3384-9464 | W4: =IF(W3="","",VLOOKUP(W3,表示電話番号一覧!$C:$F,4,FALSE)) -> 080-4584-2248
G5: hiura@mmin-net.co.jp
K6: 三浦 学 | N6: 川上 悟 | Q6: 水澤 浩二郎 | T6: 松岡 幸恵 | W6: 高橋 寿実 | Z6: 小宮 慶宏 | AC6: 小宮 静佳
K7: =IF(K6="","",VLOOKUP(K6,表示電話番号一覧!$C:$F,4,FALSE)) -> 070-3514-2223 | N7: =IF(N6="","",VLOOKUP(N6,表示電話番号一覧!$C:$F,4,FALSE)) -> 070-3541-0264 | Q7: =IF(Q6="","",VLOOKUP(Q6,表示電話番号一覧!$C:$F,4,FALSE)) -> 080-7933-6122 | T7: 090-2442-2655 | W7: =IF(W6="","",VLOOKUP(W6,表示電話番号一覧!$C:$F,4,FALSE)) -> 090-9811-6923 | Z7: 070-3831-8111 | AC7: 080-5746-0499
K9: 松本 泰貴 | N9: 飯嶋 由佳李 | Q9: 高石 薫 | T9: 安部 亮 | W9: 下地 浩子 | Z9: 重白 一久
K10: =IF(K9="","",VLOOKUP(K9,表示電話番号一覧!$C:$F,4,FALSE)) -> 080-4581-1554 | N10: =IF(N9="","",VLOOKUP(N9,表示電話番号一覧!$C:$F,4,FALSE)) -> 080-3431-6721 | Q10: =IF(Q9="","",VLOOKUP(Q9,表示電話番号一覧!$C:$F,4,FALSE)) -> 080-3566-8973 | T10: =IF(T9="","",VLOOKUP(T9,表示電話番号一覧!$C:$F,4,FALSE)) -> 070-3854-6729 | W10: =IF(W9="","",VLOOKUP(W9,表示電話番号一覧!$C:$F,4,FALSE)) -> 080-9870-0199 | Z10: =IF(Z9="","",VLOOKUP(Z9,表示電話番号一覧!$C:$F,4,FALSE)) -> 070-3852-1849
B12: 社長不在の場合は | K12: 伊藤 恵 | N12: 佐々木 恵美 | Q12: 工藤 純子 | T12: 岸 優里
B13: 経営管理部長が | K13: =IF(K12="","",VLOOKUP(K12,表示電話番号一覧!$C:$F,4,FALSE)) -> 080-3270-6875 | N13: =IF(N12="","",VLOOKUP(N12,表示電話番号一覧!$C:$F,4,FALSE)) -> 090-9808-6751 | Q13: =IF(Q12="","",VLOOKUP(Q12,表示電話番号一覧!$C:$F,4,FALSE)) -> 080-9802-4443 | T13: =IF(T12="","",VLOOKUP(T12,表示電話番号一覧!$C:$F,4,FALSE)) -> 080-3606-3448
B14: 代行して連絡をする
N15: 斯波 聡 | Q15: 野口 直樹 | T15: 日吉 健一郎 | W15: 松山 大輔
K16: =IF(K15="","",VLOOKUP(K15,表示電話番号一覧!$C:$F,4,FALSE)) | N16: =IF(N15="","",VLOOKUP(N15,表示電話番号一覧!$C:$F,4,FALSE)) -> 080-4373-7684 | Q16: =IF(Q15="","",VLOOKUP(Q15,表示電話番号一覧!$C:$F,4,FALSE)) -> 070-3854-6728 | T16: =IF(T15="","",VLOOKUP(T15,表示電話番号一覧!$C:$F,4,FALSE)) -> 070-3854-6730 | W16: =IF(W15="","",VLOOKUP(W15,表示電話番号一覧!$C:$F,4,FALSE)) -> 070-3864-2675
B18: 橋本 修一 | G18: 白井 正美 | K18: 宮﨑 正行 | N18: 清水 豊 | Q18: 明石 健太 | T18: 齊藤 翔 | W18: 鑪 康介 | Z18: 鈴木 貴一
B19: =IF(B18="","",VLOOKUP(B18,表示電話番号一覧!$C:$F,4,FALSE)) -> 090-9025-2358 | G19: =IF(G18="","",VLOOKUP(G18,表示電話番号一覧!$C:$F,4,FALSE)) -> 080-3566-8951 | K19: =IF(K18="","",VLOOKUP(K18,表示電話番号一覧!$C:$F,4,FALSE)) -> 080-3451-6474 | N19: =IF(N18="","",VLOOKUP(N18,表示電話番号一覧!$C:$F,4,FALSE)) -> 080-4373-7695 | Q19: =IF(Q18="","",VLOOKUP(Q18,表示電話番号一覧!$C:$F,4,FALSE)) -> 080-3566-8966 | T19: =IF(T18="","",VLOOKUP(T18,表示電話番号一覧!$C:$F,4,FALSE)) -> 070-3629-7215 | W19: =IF(W18="","",VLOOKUP(W18,表示電話番号一覧!$C:$F,4,FALSE)) -> 070-3661-7937 | Z19: =IF(Z18="","",VLOOKUP(Z18,表示電話番号一覧!$C:$F,4,FALSE)) -> 070-4579-7534
B20: mmi_0001@me.com | G20: shirai-mmi@ezweb.ne.jp
N21: 中山 透 | Q21: 加藤 純一 | T21: 瀧上 和樹 | W21: 鈴木 武史 | Z21: 松本 大輔
N22: =IF(N21="","",VLOOKUP(N21,表示電話番号一覧!$C:$F,4,FALSE)) -> 080-4581-1553 | Q22: =IF(Q21="","",VLOOKUP(Q21,表示電話番号一覧!$C:$F,4,FALSE)) -> 080-3566-8974 | T22: =IF(T21="","",VLOOKUP(T21,表示電話番号一覧!$C:$F,4,FALSE)) -> 080-4373-7793 | W22: =IF(W21="","",VLOOKUP(W21,表示電話番号一覧!$C:$F,4,FALSE)) -> 070-3541-0263 | Z22: =IF(Z21="","",VLOOKUP(Z21,表示電話番号一覧!$C:$F,4,FALSE)) -> 070-3843-4639
N24: 鈴木 圭 | Q24: 伊藤 祐介 | T24: 渡邊 良子 | W24: 大木 望愛 | Z24: 二村 眞弓 | AC24: 矢吹 智代
N25: =IF(N24="","",VLOOKUP(N24,表示電話番号一覧!$C:$F,4,FALSE)) -> 070-2165-7714 | Q25: =IF(Q24="","",VLOOKUP(Q24,表示電話番号一覧!$C:$F,4,FALSE)) -> 080-3566-8978 | T25: =IF(T24="","",VLOOKUP(T24,表示電話番号一覧!$C:$F,4,FALSE)) -> 070-4201-6852 | W25: =IF(W24="","",VLOOKUP(W24,表示電話番号一覧!$C:$F,4,FALSE)) -> 090-2402-7362 | Z25: =IF(Z24="","",VLOOKUP(Z24,表示電話番号一覧!$C:$F,4,FALSE)) -> 090-6950-1788 | AC25: =IF(AC24="","",VLOOKUP(AC24,表示電話番号一覧!$C:$F,4,FALSE)) -> 090-1047-0938
K27: 白鳥 大介 | N27: 伏見 晃一 | Q27: 東郷 一哉
K28: =IF(K27="","",VLOOKUP(K27,表示電話番号一覧!$C:$F,4,FALSE)) -> 090-6033-7021 | N28: =IF(N27="","",VLOOKUP(N27,表示電話番号一覧!$C:$F,4,FALSE)) -> 080-3566-8958 | Q28: =IF(Q27="","",VLOOKUP(Q27,表示電話番号一覧!$C:$F,4,FALSE)) -> 080-3446-7228 | Z28: =IF(Z27="","",VLOOKUP(Z27,表示電話番号一覧!$C:$F,4,FALSE))
Q30: 長﨑 義徳 | T30: 関 英夫 | W30: 佐藤 友岐夫 | Z30: 下田 隆弘
Q31: =IF(Q30="","",VLOOKUP(Q30,表示電話番号一覧!$C:$F,4,FALSE)) -> 070-3601-5755 | T31: =IF(T30="","",VLOOKUP(T30,表示電話番号一覧!$C:$F,4,FALSE)) -> 070-3609-3812 | W31: =IF(W30="","",VLOOKUP(W30,表示電話番号一覧!$C:$F,4,FALSE)) -> 080-3566-8955 | Z31: =IF(Z30="","",VLOOKUP(Z30,表示電話番号一覧!$C:$F,4,FALSE)) -> 080-4106-8296
K32: Ism館長
K33: 瀧田 賢吾 | Q33: 市川 孝 | T33: 川崎 哲也
K34: =IF(K33="","",VLOOKUP(K33,表示電話番号一覧!$C:$F,4,FALSE)) -> 080-3566-8957 | Q34: =IF(Q33="","",VLOOKUP(Q33,表示電話番号一覧!$C:$F,4,FALSE)) -> 070-3533-7393 | T34: 070-4504-5778
K36: 磯 孝宏 | N36: 浅川 喜希 | Q36: 朝長 比奈子
K37: =IF(K36="","",VLOOKUP(K36,表示電話番号一覧!$C:$F,4,FALSE)) -> 080-9819-8256 | N37: =IF(N36="","",VLOOKUP(N36,表示電話番号一覧!$C:$F,4,FALSE)) -> 080-5190-8426 | Q37: =IF(Q36="","",VLOOKUP(Q36,表示電話番号一覧!$C:$F,4,FALSE)) -> 080-4083-8534 | W37: =IF(W36="","",VLOOKUP(W36,表示電話番号一覧!$C:$F,4,FALSE))
G39: 羽場 康雄 | K39: 曽我 尚子 | N39: 新間 豊 | Q39: 高橋 和夫 | T39: 松本 千絵 | W39: 梅津 香織 | Z39: 岡田 仁美
G40: =IF(G39="","",VLOOKUP(G39,表示電話番号一覧!$C:$F,4,FALSE)) -> 080-4905-6111 | K40: =IF(K39="","",VLOOKUP(K39,表示電話番号一覧!$C:$F,4,FALSE)) -> 090-4241-0567 | N40: =IF(N39="","",VLOOKUP(N39,表示電話番号一覧!$C:$F,4,FALSE)) -> 090-4855-2641 | Q40: =IF(Q39="","",VLOOKUP(Q39,表示電話番号一覧!$C:$F,4,FALSE)) -> 090-4938-1866 | T40: =IF(T39="","",VLOOKUP(T39,表示電話番号一覧!$C:$F,4,FALSE)) -> 080-2053-5731 | W40: =IF(W39="","",VLOOKUP(W39,表示電話番号一覧!$C:$F,4,FALSE)) -> 090-9855-5534 | Z40: =IF(Z39="","",VLOOKUP(Z39,表示電話番号一覧!$C:$F,4,FALSE)) -> 080-2333-4494
G41: haba@mmin-net.co.jp
K42: 青木 博之 | N42: 檜垣 壮 | Q42: 田中 宏樹 | T42: 大澤 邦明 | W42: 桑田 拓也
K43: 090-3238-0679 | N43: =IF(N42="","",VLOOKUP(N42,表示電話番号一覧!$C:$F,4,FALSE)) -> 080-3936-6183 | Q43: =IF(Q42="","",VLOOKUP(Q42,表示電話番号一覧!$C:$F,4,FALSE)) -> 080-3566-8975 | T43: =IF(T42="","",VLOOKUP(T42,表示電話番号一覧!$C:$F,4,FALSE)) -> 080-4373-8694 | W43: 090-1213-2144
K45: 浅野 博 | N45: 金 英珉 | Q45: 安藤 美穂 | T45: 橋本 知明 | W45: 飯塚 武彦
K46: =IF(K45="","",VLOOKUP(K45,表示電話番号一覧!$C:$F,4,FALSE)) -> 080-3566-8956 | N46: =IF(N45="","",VLOOKUP(N45,表示電話番号一覧!$C:$F,4,FALSE)) -> 070-3547-4367 | Q46: =IF(Q45="","",VLOOKUP(Q45,表示電話番号一覧!$C:$F,4,FALSE)) -> 070-3533-7394 | T46: =IF(T45="","",VLOOKUP(T45,表示電話番号一覧!$C:$F,4,FALSE)) -> 080-9640-2656 | W46: =IF(W45="","",VLOOKUP(W45,表示電話番号一覧!$C:$F,4,FALSE)) -> 070-3852-1867
N48: 宋 晟赫 | Q48: 尹 美英 | T48: 金 恩志 | W48: 朴 秀彬 | Z48: ヴォン ティ リエウ
N49: =IF(N48="","",VLOOKUP(N48,表示電話番号一覧!$C:$F,4,FALSE)) -> 070-3868-5523 | Q49: =IF(Q48="","",VLOOKUP(Q48,表示電話番号一覧!$C:$F,4,FALSE)) -> 070-3836-5522 | T49: =IF(T48="","",VLOOKUP(T48,表示電話番号一覧!$C:$F,4,FALSE)) -> 070-3862-8149 | W49: =IF(W48="","",VLOOKUP(W48,表示電話番号一覧!$C:$F,4,FALSE)) -> 080-3566-8953 | Z49: =IF(Z48="","",VLOOKUP(Z48,表示電話番号一覧!$C:$F,4,FALSE)) -> 070-3872-7701
B51: マルハン危機情報センター | I51: ※ 震災等の安否確認では、連絡がとりにくい状況が予測されるため、キントーンのアプリ
B52: ０３－５２２０－４９８４ | I52: 『社員情報マスタ』の安否確認欄に 本人の怪我の有無、家族・家屋の状況』を記入してください
I53: キントーンに入力できない場合は、部門長にメールで報告してください

Sheet 拠点責任者
B1: 各拠点の責任者および連絡先
A2: 拠点 | B2: 住所 | C2: 電話 | D2: 責任者 | F2: 電話 | G2: メンバー
A3: 神田本社 | B3: 東京都千代田区神田錦町1-21-1 | C3: 03-3293-8686 | D3: 正 | E3: 羽場 康雄 | F3: =IF(E3="","",VLOOKUP(E3,表示電話番号一覧!$C:$F,4,FALSE)) -> 080-4905-6111 | G3: その他多数
D4: 副 | E4: 白井 正美 | F4: =IF(E4="","",VLOOKUP(E4,表示電話番号一覧!$C:$F,4,FALSE)) -> 080-3566-8951
A5: 首都圏 テクニカルセンター | B5: 埼玉県越谷市川柳町5-149-1 | C5: 048-988-8688 | D5: 正 | E5: 宮﨑 正行 | F5: =IF(E5="","",VLOOKUP(E5,表示電話番号一覧!$C:$F,4,FALSE)) -> 080-3451-6474 | G5: 清水 豊 | H5: 明石 健太 | I5: 齊藤 翔 | J5: 鑪（たたら）康介 | K5: 中山 透 | L5: 加藤 純一
D6: 副 | F6: =IF(E6="","",VLOOKUP(E6,表示電話番号一覧!$C:$F,4,FALSE)) | G6: 瀧上 和樹 | H6: 鈴木 武史 | I6: 松本 大輔
A7: 仙台営業所 | B7: 宮城県仙台市宮城野区田子上3-1-101 | C7: 022-207-8686 | D7: 正 | E7: 東郷 一哉 | F7: =IF(E7="","",VLOOKUP(E7,表示電話番号一覧!$C:$F,4,FALSE)) -> 080-3446-7228 | G7: 伊藤 恵 | H7: 佐々木 恵美 | I7: 工藤 純子 | J7: 岸 優里 | K7: 斯波 聡
D8: 副 | F8: =IF(E8="","",VLOOKUP(E8,表示電話番号一覧!$C:$F,4,FALSE))
A9: 静岡営業所 | B9: 静岡県静岡市駿河区富士見台1-4-85 メガシティ静岡 内 | C9: 054-204-6670 | D9: 正 | E9: 市川 孝 | F9: =IF(E9="","",VLOOKUP(E9,表示電話番号一覧!$C:$F,4,FALSE)) -> 070-3533-7393 | G9: 川崎 哲也
D10: 副 | F10: =IF(E10="","",VLOOKUP(E10,表示電話番号一覧!$C:$F,4,FALSE))
A11: 静岡東営業所 | B11: 静岡県富士宮市宮原２７６－３ １階 B号室 | C11: 0544-21-3630 | D11: 正 | E11: 野口 直樹 | F11: 070-3854-6728 | G11: 松山 大輔 | H11: 日吉 健一郎
D12: 副 | F12: =IF(E12="","",VLOOKUP(E12,表示電話番号一覧!$C:$F,4,FALSE))
A13: シェラトン | B13: 東京都港区白金台1丁目1-50 | C13: 070-3831-8032 | D13: 正 | E13: 金 英珉 | F13: =IF(E13="","",VLOOKUP(E13,表示電話番号一覧!$C:$F,4,FALSE)) -> 070-3547-4367 | G13: 安藤 美穂 | H13: ソン ソンショク | I13: ユン ミヨン | J13: 金 恩志 | K13: 朴 秀彬 | L13: 安藤 美穂
D14: 副 | F14: =IF(E14="","",VLOOKUP(E14,表示電話番号一覧!$C:$F,4,FALSE)) | G14: 橋本 知明 | H14: ヴォン ティ リエウ | I14: 飯塚 武彦
A15: Ism緑ヶ丘 | B15: 千葉県八千代市緑ヶ丘西2-13-3 | C15: 047-458-4446 （FAXも同番号） | D15: 正 | E15: 瀧田 賢吾 | F15: =IF(E15="","",VLOOKUP(E15,表示電話番号一覧!$C:$F,4,FALSE)) -> 080-3566-8957
D16: 副 | F16: =IF(E16="","",VLOOKUP(E16,表示電話番号一覧!$C:$F,4,FALSE))

Sheet 表示電話番号一覧
F1: （会社携帯を優先表示） | I1: ※個人の番号は、外部に伝えないこと。
B2: 社員番号 | C2: 氏名 | D2: 所属部署 | F2: 表示電話番号 | H2: 会社携帯 | I2: 個人携帯 | J2: 雇用形態
B3: 961273 | C3: 橋本 修一 | D3: 社長 | F3: =IF(H3="",I3,H3) -> 090-9025-2358 | H3: 090-9025-2358 | J3: 出向
B4: 3106002 | C4: 白井 正美 | D4: 総合建物管理事業部 | F4: =IF(H4="",I4,H4) -> 080-3566-8951 | H4: 080-3566-8951 | I4: 090-4715-6409
B5: 3110005 | C5: 白鳥 大介 | D5: 総合建物管理事業部 | F5: =IF(H5="",I5,H5) -> 090-6033-7021 | H5: 090-6033-7021 | I5: 090-4967-4045
B6: 3120018 | C6: 鈴木 圭 | D6: 事業管理チーム | F6: =IF(H6="",I6,H6) -> 070-2165-7714 | H6: 070-2165-7714 | I6: 080-6652-2455
B7: 3107001 | C7: 伊藤 祐介 | D7: 事業管理チーム | F7: =IF(H7="",I7,H7) -> 080-3566-8978 | H7: 080-3566-8978 | I7: 090-7821-0953
B8: 3120021 | C8: 渡邊 良子 | D8: 事業管理チーム | F8: =IF(H8="",I8,H8) -> 070-4201-6852 | I8: 070-4201-6852
B9: 3170001 | C9: 二村 眞弓 | D9: 事業管理チーム | F9: =IF(H9="",I9,H9) -> 090-6950-1788 | I9: 090-6950-1788 | J9: 時給
B10: 3170020 | C10: 浦澤 佳子 | D10: 事業管理チーム | F10: =IF(H10="",I10,H10) -> 080-3480-2214 | I10: 080-3480-2214 | J10: 時給
C11: 矢吹 智代 | D11: 事業管理チーム | F11: =IF(H11="",I11,H11) -> 090-1047-0938 | I11: 090-1047-0938 | J11: 派遣
B12: 3130014 | C12: 松本 泰貴 | D12: 環境管理チーム | F12: =IF(H12="",I12,H12) -> 080-4581-1554 | H12: 080-4581-1554 | I12: 050-3645-6034
B13: 3130013 | C13: 飯嶋 由佳李 | D13: 環境管理チーム | F13: =IF(H13="",I13,H13) -> 080-3431-6721 | H13: 080-3431-6721 | I13: 080-2342-1741
B14: 3150013 | C14: 高石 薫 | D14: 環境管理チーム | F14: =IF(H14="",I14,H14) -> 080-3566-8973 | H14: 080-3566-8973 | I14: 090-2181-3938
B15: 3160021 | C15: 安部 亮 | D15: 環境管理チーム | F15: =IF(H15="",I15,H15) -> 070-3854-6729 | H15: 070-3854-6729 | I15: 090-7692-9744
B16: 3150004 | C16: 下地 浩子 | D16: 環境管理チーム | F16: =IF(H16="",I16,H16) -> 080-9870-0199 | H16: 080-9870-0199 | I16: 090-6167-8239 | J16: 契約
B17: 3111005 | C17: 伊藤 恵 | D17: 環境管理サテライトチーム | F17: =IF(H17="",I17,H17) -> 080-3270-6875 | H17: 080-3270-6875 | I17: 090-8783-6103
B18: 3120016 | C18: 佐々木 恵美 | D18: 環境管理サテライトチーム | F18: =IF(H18="",I18,H18) -> 090-9808-6751 | H18: 090-9808-6751 | I18: 080-1807-0700
B19: 3120023 | C19: 斯波 聡 | D19: 環境管理サテライトチーム | F19: =IF(H19="",I19,H19) -> 080-4373-7684 | H19: 080-4373-7684 | I19: 090-5831-6419
B20: 3140003 | C20: 工藤 純子 | D20: 環境管理サテライトチーム | F20: =IF(H20="",I20,H20) -> 080-9802-4443 | H20: 080-9802-4443 | I20: 090-5359-4302
B21: 3160010 | C21: 岸 優里 | D21: 環境管理サテライトチーム | F21: =IF(H21="",I21,H21) -> 080-3606-3448 | H21: 080-3606-3448 | I21: 080-1840-0945
B22: 3160020 | C22: 野口 直樹 | D22: 環境管理サテライトチーム | F22: =IF(H22="",I22,H22) -> 070-3854-6728 | H22: 070-3854-6728 | I22: 090-6761-3293
B23: 3160022 | C23: 日吉 健一郎 | D23: 環境管理サテライトチーム | F23: =IF(H23="",I23,H23) -> 070-3854-6730 | H23: 070-3854-6730 | I23: 080-3633-2853
B24: 3160023 | C24: 松山 大輔 | D24: 環境管理サテライトチーム | F24: =IF(H24="",I24,H24) -> 070-3864-2675 | H24: 070-3864-2675 | I24: 090-3567-6127
B25: 1000058 | C25: 嶋村 健一 | D25: 環境管理サテライトチーム | F25: =IF(H25="",I25,H25) -> 070-4579-7535 | H25: 070-4579-7535 | J25: 出向
B26: 3109005 | C26: 伏見 晃一 | D26: 施設管理チーム | F26: =IF(H26="",I26,H26) -> 080-3566-8958 | H26: 080-3566-8958 | I26: 090-1462-7645
B27: 3107002 | C27: 瀧田 賢吾 | D27: 施設管理チーム | F27: =IF(H27="",I27,H27) -> 080-3566-8957 | H27: 080-3566-8957 | I27: 090-8034-4160
B28: 3120007 | C28: 下田 隆弘 | D28: 施設管理チーム | F28: =IF(H28="",I28,H28) -> 080-4106-8296 | H28: 080-4106-8296 | I28: 080-5867-5110
B29: 3150021 | C29: 長﨑 義徳 | D29: 施設管理チーム | F29: =IF(H29="",I29,H29) -> 070-3601-5755 | H29: 070-3601-5755 | I29: 090-4621-6574
B30: 3150022 | C30: 関 英夫 | D30: 施設管理チーム | F30: =IF(H30="",I30,H30) -> 070-3609-3812 | H30: 070-3609-3812 | I30: 090-4716-9267
B31: 3150024 | C31: 市川 孝 | D31: 施設管理チーム | F31: =IF(H31="",I31,H31) -> 070-3533-7393 | H31: 070-3533-7393 | I31: 090-7675-7609
B32: 3160011 | C32: 佐藤 友岐夫 | D32: 施設管理チーム | F32: =IF(H32="",I32,H32) -> 080-3566-8955 | H32: 080-3566-8955 | I32: 090-3241-8619
B33: 3170018 | C33: 石田 恵一 | D33: 施設管理チーム | F33: =IF(H33="",I33,H33) -> 090-6723-5666 | H33: 090-6723-5666 | I33: 090-1117-5188
B34: 3170005 | C34: 川崎 哲也 | D34: 施設管理チーム | F34: =IF(H34="",I34,H34) -> 090-3157-1610 | I34: 090-3157-1610 | J34: 時給
B35: 3170019 | C35: 作宮 和夫 | D35: 施設管理チーム | F35: =IF(H35="",I35,H35) -> 090-8490-0670 | I35: 090-8490-0670 | J35: 時給
B36: 3111001 | C36: 宮﨑 正行 | D36: テクニカルチーム | F36: =IF(H36="",I36,H36) -> 080-3451-6474 | H36: 080-3451-6474 | I36: 090-2205-3664
B37: 3109002 | C37: 加藤 純一 | D37: テクニカルチーム | F37: =IF(H37="",I37,H37) -> 080-3566-8974 | H37: 080-3566-8974 | I37: 090-9005-4611
B38: 3111006 | C38: 清水 豊 | D38: テクニカルチーム | F38: =IF(H38="",I38,H38) -> 080-4373-7695 | H38: 080-4373-7695 | I38: 090-2637-1434
B39: 3120010 | C39: 中山 透 | D39: テクニカルチーム | F39: =IF(H39="",I39,H39) -> 080-4581-1553 | H39: 080-4581-1553 | I39: 080-3159-1007
B40: 3120014 | C40: 瀧上 和樹 | D40: テクニカルチーム | F40: =IF(H40="",I40,H40) -> 080-4373-7793 | H40: 080-4373-7793 | I40: 080-4669-1341
B41: 3130008 | C41: 明石 健太 | D41: テクニカルチーム | F41: =IF(H41="",I41,H41) -> 080-3566-8966 | H41: 080-3566-8966 | I41: 090-5204-2231
B42: 3150016 | C42: 鈴木 武史 | D42: テクニカルチーム | F42: =IF(H42="",I42,H42) -> 070-3541-0263 | H42: 070-3541-0263 | I42: 090-1432-3050
B43: 3160001 | C43: 齊藤 翔 | D43: テクニカルチーム | F43: =IF(H43="",I43,H43) -> 070-3629-7215 | H43: 070-3629-7215 | I43: 080-4832-7601
B44: 3160003 | C44: 鑪 康介 | D44: テクニカルチーム | F44: =IF(H44="",I44,H44) -> 070-3661-7937 | H44: 070-3661-7937 | I44: 080-1268-4426
B45: 3160006 | C45: 松本 大輔 | D45: テクニカルチーム | F45: =IF(H45="",I45,H45) -> 070-3843-4639 | H45: 070-3843-4639 | I45: 080-6803-9683
B46: 3170017 | C46: 鈴木 貴一 | D46: テクニカルチーム | F46: =IF(H46="",I46,H46) -> 070-4579-7534 | H46: 070-4579-7534 | I46: 080-6575-4118 | J46: 契約
B47: 990727 | C47: 日浦 健二 | D47: 不動産事業部 社宅管理チーム | F47: =IF(H47="",I47,H47) -> 080-3754-3568 | H47: 080-3754-3568 | I47: 090-5054-0352 | J47: 出向
B48: 3130012 | C48: 水澤 浩二郎 | D48: 不動産事業部 社宅管理チーム | F48: =IF(H48="",I48,H48) -> 080-7933-6122 | H48: 080-7933-6122 | I48: 080-3350-4040
B49: 3150017 | C49: 川上 悟 | D49: 不動産事業部 社宅管理チーム | F49: =IF(H49="",I49,H49) -> 070-3541-0264 | H49: 070-3541-0264
B50: 990824 | C50: 三浦 学 | D50: 不動産事業部 社宅管理チーム | F50: =IF(H50="",I50,H50) -> 070-3514-2223 | H50: 070-3514-2223 | I50: 090-8598-9127 | J50: 出向
B51: 1080150 | C51: 小宮 慶宏 | D51: 不動産事業部 社宅管理チーム | F51: =IF(H51="",I51,H51) -> 070-3831-8111 | H51: 070-3831-8111 | J51: 出向
B52: 3150014 | C52: 松岡 幸恵 | D52: 不動産事業部 社宅管理チーム | F52: =IF(H52="",I52,H52) -> 090-2442-2655 | I52: 090-2442-2655 | J52: 契約
B53: 3160013 | C53: 高橋 寿実 | D53: 不動産事業部 社宅管理チーム | F53: =IF(H53="",I53,H53) -> 090-9811-6923 | I53: 090-9811-6923 | J53: 時給
B54: 3170012 | C54: 小宮 静佳 | D54: 不動産事業部 社宅管理チーム | F54: =IF(H54="",I54,H54) -> 080-5746-0499 | I54: 080-5746-0499 | J54: 時給
B55: 3106003 | C55: 福岡 法和 | D55: 不動産事業部 ＣＲＥチーム | F55: =IF(H55="",I55,H55) -> 080-4862-3745 | H55: 080-4862-3745 | I55: 090-1459-9806
B56: 3160008 | C56: 出口 栄一 | D56: 不動産事業部 ＣＲＥチーム | F56: =IF(H56="",I56,H56) -> 090-3104-3067 | I56: 090-3104-3067 | J56: 契約
B57: 6000039 | C57: 野田 哲男 | D57: 不動産事業部 ＣＲＥチーム | F57: =IF(H57="",I57,H57) -> 080-3384-9464 | I57: 080-3384-9464 | J57: 出向
B58: 3130010 | C58: 森 美弥 | D58: 不動産事業部 ＣＲＥチーム | F58: =IF(H58="",I58,H58) -> 080-4584-2248 | H58: 080-4584-2248 | I58: 090-1779-7556
B59: 3106006 | C59: 浅野 博 | D59: ホテル事業化ＰＴ | F59: =IF(H59="",I59,H59) -> 080-3566-8956 | H59: 080-3566-8956 | I59: 090-8931-8065
B60: 1040116 | C60: 橋本 知明 | D60: ホテル事業化ＰＴ | F60: =IF(H60="",I60,H60) -> 080-9640-2656 | H60: 080-9640-2656 | J60: 出向
B61: 3150019 | C61: 安藤 美穂 | D61: ホテル事業化ＰＴ | F61: =IF(H61="",I61,H61) -> 070-3533-7394 | H61: 070-3533-7394 | I61: 080-6509-7140
B62: 3160002 | C62: 金 英珉 | D62: ホテル事業化ＰＴ | F62: =IF(H62="",I62,H62) -> 070-3547-4367 | H62: 070-3547-4367 | I62: 080-4413-2920
B63: 3160012 | C63: 飯塚 武彦 | D63: ホテル事業化ＰＴ | F63: =IF(H63="",I63,H63) -> 070-3852-1867 | H63: 070-3852-1867 | I63: 090-2251-7002
B64: 3170009 | C64: 朴 秀彬 | D64: ホテル事業化ＰＴ | F64: =IF(H64="",I64,H64) -> 080-3566-8953 | H64: 080-3566-8953 | I64: 080-4917-0064
B65: 3170016 | C65: ヴォン ティ リエウ | D65: ホテル事業化ＰＴ | F65: =IF(H65="",I65,H65) -> 070-3872-7701 | H65: 070-3872-7701 | I65: 080-2262-8602 | J65: 契約
B66: 3120015 | C66: 羽場 康雄 | D66: 経営管理部 | F66: =IF(H66="",I66,H66) -> 080-4905-6111 | H66: 080-4905-6111
B67: 3106004 | C67: 青木 博之 | D67: 経営管理部 | F67: =IF(H67="",I67,H67) -> 090-3238-0679 | I67: 090-3238-0679
B68: 1034461 | C68: 檜垣 壮 | D68: 経営管理部 企画チーム | F68: =IF(H68="",I68,H68) -> 080-3936-6183 | I68: 080-3936-6183 | J68: 出向
B69: 3105005 | C69: 田中 宏樹 | D69: 経営管理部 企画チーム | F69: =IF(H69="",I69,H69) -> 080-3566-8975 | H69: 080-3566-8975 | I69: 090-1843-1145
B70: 3108003 | C70: 桑田 拓也 | D70: 経営管理部 企画チーム | F70: =IF(H70="",I70,H70) -> 090-1213-2144 | I70: 090-1213-2144
B71: 3150025 | C71: 曽我 尚子 | D71: 経営管理部 事業支援チーム | F71: =IF(H71="",I71,H71) -> 090-4241-0567 | I71: 090-4241-0567
B72: 3150023 | C72: 新間 豊 | D72: 経営管理部 事業支援チーム | F72: =IF(H72="",I72,H72) -> 090-4855-2641 | I72: 090-4855-2641
B73: 3120008 | C73: 大澤 邦明 | D73: 経営管理部 事業支援チーム | F73: =IF(H73="",I73,H73) -> 080-4373-8694 | H73: 080-4373-8694 | I73: 090-8036-4005
B74: 3105004 | C74: 高橋 和夫 | D74: 経営管理部 事業支援チーム | F74: =IF(H74="",I74,H74) -> 090-4938-1866 | I74: 090-4938-1866 | J74: 契約
B75: 3140002 | C75: 梅津 香織 | D75: 経営管理部 事業支援チーム | F75: =IF(H75="",I75,H75) -> 090-9855-5534 | I75: 090-9855-5534 | J75: 時給
B76: 3160014 | C76: 岡田 仁美 | D76: 経営管理部 事業支援チーム | F76: =IF(H76="",I76,H76) -> 080-2333-4494 | I76: 080-2333-4494 | J76: 派遣
B77: 1170793 | C77: 磯 孝宏 | D77: 経営管理部 財務経理チーム | F77: =IF(H77="",I77,H77) -> 080-9819-8256 | I77: 080-9819-8256 | J77: 出向
B78: 3170011 | C78: 浅川 喜希 | D78: 経営管理部 財務経理チーム | F78: =IF(H78="",I78,H78) -> 080-5190-8426 | I78: 080-5190-8426
B79: 3170014 | C79: 朝長 比奈子 | D79: 経営管理部 財務経理チーム | F79: =IF(H79="",I79,H79) -> 080-4083-8534 | I79: 080-4083-8534
B81: 950378 | C81: 重白 一久 | D81: 環境管理チーム | F81: =IF(H81="",I81,H81) -> 070-3852-1849 | H81: 070-3852-1849 | I81: 090-7491-1385 | J81: 出向
B82: 3150003 | C82: 松田 豪之扶 | D82: 不動産事業部 ＣＲＥチーム | F82: =IF(H82="",I82,H82) -> 090-1791-5298 | H82: 090-1791-5298 | I82: 090-6021-5026
B83: 3110003 | C83: 大木 望愛 | D83: 事業管理チーム | F83: =IF(H83="",I83,H83) -> 090-2402-7362 | I83: 090-2402-7362
B84: 3130003 | C84: 松本 千絵 | D84: 経営管理部 事業支援チーム | F84: =IF(H84="",I84,H84) -> 080-2053-5731 | I84: 080-2053-5731
B85: 3106005 | C85: 東郷 一哉 | D85: 施設管理チーム | F85: =IF(H85="",I85,H85) -> 080-3446-7228 | H85: 080-3446-7228 | I85: 090-9396-1397
B86: 3160028 | C86: 尹 美英 | D86: ホテル事業化ＰＴ | F86: =IF(H86="",I86,H86) -> 070-3836-5522 | H86: 070-3836-5522 | I86: 080-6508-8311
B87: 3160029 | C87: 宋 晟赫 | D87: ホテル事業化ＰＴ | F87: =IF(H87="",I87,H87) -> 070-3868-5523 | H87: 070-3868-5523 | I87: 080-4088-3668
B88: 3170008 | C88: 金 恩志 | D88: ホテル事業化ＰＴ | F88: =IF(H88="",I88,H88) -> 070-3862-8149 | H88: 070-3862-8149 | I88: 090-9847-0418 | J88: 契約
F89: =IF(H89="",I89,H89) -> 0
F90: =IF(H90="",I90,H90) -> 0
F91: =IF(H91="",I91,H91) -> 0

Sheet Sheet1
A1: 社用携帯貸与者一覧 | F1: iphoneでのauID 電話番号
F2: iphoneでのauIDパス mmi0332938686
F3: ネットワーク暗証番号：8686
A4: 項番 | B4: 役職 | C4: 機種名 | D4: 対象回線番号 | E4: 貸与先 | F4: メールアドレス | G4: 前の使用者 | H4: 納品年月日 | I4: AppleID | J4: Pass | K4: 備考
A5: 1 | B5: 社員 | C5: iPhone5C_16GWH | D5: 08041420878 | E5: 新沼篤 | F5: niinuma-mmi@ezweb.ne.jp | H5: 2014.08.25 | I5: niinuma@mmin-net.co.jp | J5: Mmi0332938686
A6: 2 | B6: 社員 | C6: iPhone5C_16GWH | D6: 08035668957 | E6: 瀧田賢吾 | F6: takida-mmi@ezweb.ne.jp | H6: 2014.08.25
A7: 3 | B7: 社員 | C7: iPhoneSE-16S | D7: 08031737962 | E7: 桑田拓也 | F7: kuwata-mmi@ezweb.ne.jp | H7: 2016.10.28 | I7: kuwata@mmin-net.co.jp | J7: Mmi0332938686
A8: 4 | B8: 社員 | C8: iPhone5C_16GWH | D8: 08032706875 | E8: 伊藤恵 | F8: mito-mmi@ezweb.ne.jp | H8: 2014.08.25 | I8: mito@mmin-net.co.jp | J8: Mmi0332938686
A9: 5 | B9: 社員 | C9: iPhone5C_16GWH | D9: 08043737684 | E9: 斯波聡 | F9: shiba-mmi@ezweb.ne.jp | H9: 2014.08.25 | I9: shiba@mmin-net.co.jp | J9: Mmi0332938686
A10: 6 | B10: 社員 | C10: iPhone5C_16GWH | D10: 08036063448 | E10: 岸優里 | F10: kishi-mmi@ezweb.ne.jp | G10: 山浦雅美 | H10: 2014.08.25 | I10: kishi@mmin-net.co.jp | J10: Mmi0332938686
A11: 7 | B11: 社員 | C11: iPhone5C_16GWH | D11: 09098086751 | E11: 佐々木恵美 | F11: esasaki-mmi@ezweb.ne.jp | H11: 2014.08.25 | I11: sasaki@mmin-net.co.jp | J11: Mmi0332938686
A12: 8 | B12: 社員 | C12: iPhone5C_16GWH | D12: 08034467228 | E12: 東郷一哉 | F12: togo-mmi@ezweb.ne.jp | H12: 2014.08.28 | I12: togo@mmin-net.co.jp | J12: Mmi0332938686
A13: 9 | B13: 社員 | C13: iPhone5C_16GWH | D13: 08035668975 | E13: 田中宏樹 | F13: tanaka-mmi@ezweb.ne.jp | H13: 2014.08.28 | I13: tanaka@mmin-net.co.jp | J13: Mmi0332938686
A14: 10 | B14: 社員 | C14: iPhone5C_16GWH | D14: 08035668951 | E14: 白井正美 | F14: shirai-mmi@ezweb.ne.jp | H14: 2014.08.28 | I14: shirai@mmin-net.co.jp | J14: Mmi0332938686
A15: 11 | B15: 社員 | C15: iPhone6s | D15: 08035668958 | E15: 伏見晃一 | F15: fushimi-mmi@ezweb.ne.jp | H15: 2014.08.28 | I15: mmi.fushimi@icloud.com | J15: Mmi0332938686
A16: 12 | B16: 社員 | C16: iPhone5C_16GWH | D16: 08035668953 | E16: 青木博之 | F16: aoki-mmi@ezweb.ne.jp | H16: 2014.08.28 | I16: mmi_0002＠me.com | J16: Mmi0332938686
A17: 13 | B17: 社員 | C17: iPhone6_16GSL | D17: 08035668976 | E17: 飯嶋陽子 | F17: e-jima-mmi@ezweb.ne.jp | H17: 2014.08.28 | I17: iijima@mmin-net.co.jp | J17: Mmi0332938686
A18: 14 | B18: 社員 | C18: iPhone5C_16GWH | D18: 08035668956 | E18: 浅野博 | F18: asano-mmi@ezweb.ne.jp | H18: 2014.08.28 | I18: asano@mmin-net.co.jp | J18: Mmi0332938686
A19: 15 | B19: 社員 | C19: iPhone5C_16GWH | D19: 08035668955 | E19: 佐藤友岐夫 | F19: y.sato-mmi@ezweb.ne.jp | G19: 石田恵一 | H19: 2014.08.28 | I19: y-sato@mmin-net.co.jp | J19: Mmi0332938686
A20: 16 | B20: 社員 | C20: iPhone5C_16GWH | D20: 08035668978 | E20: 伊藤祐介 | F20: ito-mmi@ezweb.ne.jp | H20: 2014.08.28 | I20: ito@mmin-net.co.jp | J20: Mmi0332938686
A21: 17 | B21: 社員 | C21: iPhone5C_16GWH | D21: 09060337021 | E21: 白鳥大介 | F21: shiratori-mmi@ezweb.ne.jp | H21: 2014.08.28 | I21: shiratori@mmin-net.co.jp | J21: Mmi0332938686
A22: 18 | B22: 社員 | C22: iPhone5C_16GWH | D22: 08034516474 | E22: 宮﨑正行 | F22: miyazaki-mmi@ezweb.ne.jp | H22: 2014.08.28 | I22: miyzaki@mmin-net.co.jp | J22: Mmi0332938686
A23: 19 | B23: 社員 | C23: iPhone5C_16GWH | D23: 08043737694 | E23: 大澤邦明 | F23: osawa-mmi@ezweb.ne.jp | H23: 2014.08.28
A24: 20 | B24: 社員 | C24: iPhone5C_16GWH | D24: 08043737695 | E24: 清水豊 | F24: shimizu-mmi@ezweb.ne.jp | H24: 2014.08.28 | I24: shimizu@mmin-net.co.jp | J24: Mmi0332938686
A25: 21 | B25: 社員 | C25: iPhone5C_16GWH | D25: 08041068296 | E25: 下田隆弘 | F25: shimoda-mmi@ezweb.ne.jp | H25: 2014.08.28 | I25: shimoda@mmin-net.co.jp | J25: Mmi0332938686
A26: 22 | B26: 社員 | C26: iPhone6 | D26: 08045811553 | E26: 中山透 | F26: nakayama-mmi@ezweb.ne.jp | H26: 2015.10.23 | I26: nakayama@mmin-net.co.jp | J26: Mmi0332938686
A27: 23 | B27: 社員 | C27: iPhone5C_16GWH | D27: 08043737793 | E27: 瀧上和樹 | F27: takigami-mmi@ezweb.ne.jp | H27: 2014.08.28 | I27: takigami@mmin-net.co.jp | J27: Mmi0332938686
A28: 24 | B28: 社員 | C28: iPhone5C_16GWH | D28: 09098314911 | E28: 景山光司 | F28: kageyama-mmi@ezweb.ne.jp | H28: 2014.08.28 | I28: kageyama@mmin-net.co.jp | J28: Mmi0332938686
A29: 25 | B29: 社員 | C29: iPhone5C_16GWH | D29: 09090252358 | E29: 橋本修一 | F29: mmi_0001＠me.com | H29: 2014.08.28 | I29: mmi_0001＠me.com | J29: Mmi0332938686
A30: 26 | B30: 社員 | C30: iPhone5C_16GWH | D30: 09017915298 | E30: 松田豪之扶 | F30: matsuda-mmi@ezweb.ne.jp | H30: 2014.08.28 | J30: Mmi0332938686
A31: 27 | B31: 社員 | C31: iPhone5C_16GWH | D31: 08048623745 | E31: 福岡法和 | F31: fukuoka-mmi@ezweb.ne.jp | H31: 2014.08.28
A32: 28 | B32: 社員 | C32: iPhone5C_16GWH | D32: 08037543568 | E32: 日浦健二 | F32: hiura-mmi@ezweb.ne.jp | H32: 2017.1.19
A33: 29 | B33: 社員 | C33: iPhone6s | D33: 08079336122 | E33: 水澤浩二郎 | F33: mizusawa@ezweb.ne.jp | H33: 2014.08.28 | I33: mizusawa@mmin-net.co.jp | J33: Mmi0332938686
A34: 30 | B34: 社員 | C34: iPhone6s | D34: 08049056111 | E34: 羽場康雄 | F34: haba-mmi@ezweb.ne.jp | H34: 2014.08.28 | I34: mmi_0002＠me.com | J34: Mmi0332938686
A35: 31 | B35: 社員 | C35: iPhone5C_16GWH | D35: 08035668966 | E35: 明石健太 | F35: ｋakashi-mmi@ezweb.ne.jp | H35: 2014.08.28 | I35: akashi@mmin-net.co.jp | J35: Mmi0332938686
A36: 32 | B36: 社員 | C36: iPhone5C_16GWH | D36: 08034316721 | E36: 飯嶋由佳李 | F36: iijima-mmi@ezweb.ne.jp | H36: 2014.08.28 | I36: yiijima@mmin-net.co.jp | J36: Mmi0332938686
A37: 33 | B37: 社員 | C37: iPhone6s | D37: 08045811554 | E37: 松本泰貴 | F37: matsumoto-mmi@ezweb.ne.jp | H37: 2015.10.07 | I37: hmatsumoto@mmin-net.co.jp | J37: Mmi0332938686
A38: 34 | B38: 社員 | C38: iPhone5S_16GSL | D38: 08098024442 | F38: matsubayashi-mmi@ezweb.ne.jp | G38: 松林延幸 | H38: 2014.11.17 | I38: matsubayashi@mmin-net.co.jp | J38: Mmi0332938686 | K38: 本社保管中
A39: 35 | B39: 社員 | C39: iPhone5S_16GSL | D39: 08098024443 | E39: 工藤純子 | F39: kudo-mmi@ezweb.ne.jp | H39: 2014.11.17 | I39: kudo@mmin-net.co.jp | J39: Mmi0332938686
A40: 36 | B40: 社員 | C40: iPhone5S_16GGL | D40: 08098700199 | E40: 下地浩子 | F40: hshimoji-mmi@ezweb.ne.jp | H40: 2015.04.15 | I40: shimoji@mmi-net.co.jp | J40: Mmi0332938686
A41: 37 | B41: 社員 | C41: iPhone6_16GSL | D41: 07035142223 | E41: 三浦学 | F41: miura-mmi@ezweb.ne.jp | H41: 2015.07.17 | I41: miura@mmi-net.co.jp | J41: Mmi0332938686
A42: 38 | B42: 社員 | C42: iPhone5C_16GWH | D42: 08035668973 | E42: 高石薫 | F42: takaishi-mmi@ezweb.ne.jp | G42: 井上善之 | H42: 2014.08.28 | I42: takaishi@mmin-net.co.jp | J42: Mmi0332938686
A43: 39 | B43: 社員 | C43: iPhone6_16GSL | D43: 07035410262 | E43: 紺谷直人 | F43: kontani-mmi@ezweb.ne.jp | H43: 2015.10.07 | I43: kontani@mmin-net.co.jp | J43: Mmi0332938686
A44: 40 | B44: 社員 | C44: iPhone5C_16GWH | D44: 07035410263 | E44: 鈴木武史 | F44: t-suzuki-mmi@ezweb.ne.jp | G44: 飯嶋陽子（simのみ入れ替え） | H44: 2015.10.23 | I44: t-suzuki@mmin-net.co.jp | J44: Mmi0332938686
A45: 41 | B45: 社員 | C45: iPhone6_16GSL | D45: 07035410264 | E45: 川上悟 | F45: kawakami-mmi@ezweb.ne.jp | H45: 2015.10.23 | I45: kawakami@mmin-net.co.jp | J45: Mmi0332938686
A46: 42 | B46: 社員 | C46: iPhone6_16GSL | D46: 07035337394 | E46: 安藤美穂 | F46: m-ando-mmi@ezweb.ne.jp | H46: 2015.12.14 | I46: ando@mmin-net.co.jp | J46: Mmi0332938686
A47: 43 | B47: 社員 | C47: iPhone6_16GSL | D47: 07035474367 | E47: 金英珉 | F47: yonesu-mmi@ezweb.ne.jp | H47: 2015.1.5 | I47: yonesu@mmin-net.co.jp | J47: Mmi0332938686
A48: 44 | B48: 社員 | C48: iPhone6_16GSL | D48: 08035668974 | E48: 加藤純一 | F48: kato-mmi@ezweb.ne.jp | H48: 2015.07.17 | I48: kato@mmin-net.co.jp | J48: Mmi0332938686
A49: 45 | B49: 社員 | C49: iPhone6_16GSL | D49: 07036015755 | E49: 長﨑義徳 | F49: nagasaki-mmi@ezweb.ne.jp | H49: 2016.2.12 | I49: nagasaki@mmin-net.co.jp | J49: Mmi0332938686
A50: 46 | B50: 社員 | C50: iPhone6_16GSL | D50: 07036093812 | E50: 関英夫 | F50: seki-mmi@ezweb.ne.jp | H50: 2016.2.15 | I50: seki@mmin-net.co.jp | J50: Mmi0332938686
A51: 47 | B51: 社員 | C51: iPhone6_16GSL | D51: 07035337393 | E51: 市川孝 | F51: ichikawa-mmi@ezweb.ne.jp | H51: 2015.12.14 | I51: ichikawa@mmin-net.co.jp | J51: Mmi0332938686
A52: 48 | B52: 社員 | C52: iPhone5C_16GWH | D52: 08096402656 | E52: 松本正行 | F52: mmatsumoto-mmi@ezweb.ne.jp | H52: 2014.8.28 | I52: mmatsumoto@mmin-net.co.jp | J52: Mmi0332938686
A53: 49 | B53: 社員 | C53: iPhone5C_16GWH | D53: 07036297215 | E53: 斎藤翔 | F53: saito-mmi@ezweb.ne.jp | H53: 2016.5.01 | I53: saito@mmin-net.co.jp | J53: Mmi0332938686
A54: 50 | B54: 社員 | C54: iPhone5C_16GWH | D54: 07036617937 | E54: 鑪康介 | F54: tatara-mmi@ezweb.ne.jp | H54: 2016.6.18 | I54: tatarao@mmin-net.co.jp | J54: Mmi0332938686
A55: 51 | B55: 社員 | C55: iphone6_16GSｾ | D55: 07038318032 | E55: シェラトン | F55: empire-mmi@ezweb.ne.jp | G55: エンパイアイン東京 | H55: 2016.8.18 | J55: Mmi0332938686
A56: 52 | B56: 社員 | C56: iphone6_16GSｾ | D56: 07038318110 | E56: 吉川直美 | F56: yoshikawa-mmi@ezweb.ne.jp | H56: 2016.8.18 | I56: yoshikawa@mmin-net.co.jp | J56: Mmi0332938686
A57: 53 | B57: 社員 | C57: iphone6_16GSｾ | D57: 07038318111 | E57: 松岡幸恵 | F57: matsuoka-mmi@ezweb.ne.jp | H57: 2016.8.25 | I57: matsuoka@mmin-net.co.jp | J57: Mmi0332938686
A58: 54 | B58: 社員 | C58: iphone6_16GSｾ | D58: 08043761740 | E58: ミッドタウン | F58: midtown-mmi@ezweb.ne.jp | G58: 佐藤雅紀 | H58: 2016.8.25 | I58: midtown@mmin-net.co.jp | J58: Mmi0332938686
A59: 55 | B59: 社員 | C59: iphoneSE | D59: 07038434639 | E59: 松本大輔 | F59: d-matsumoto@ezweb.ne.jp | H59: 2016.10.17 | I59: d-matsumoto@mmin-net.co.jp | J59: Mmi0332938686
A60: 56 | B60: 社員 | C60: iPhoneSE（16GB）／銀 | D60: 07038521849 | E60: 小嶋大樹 | F60: kojima-mmi@ezweb.ne.jp | H60: 2016.10.24 | I60: d-kojima@mmin-net.co.jp | J60: Mmi0332938686
A61: 57 | B61: 社員 | C61: iPhoneSE（16GB）／銀 | D61: 07038521867 | E61: 飯塚武彦 | F61: iiduka-mmi@ezweb.ne.jp | H61: 2016.11.2 | I61: iiduka@mmin-net.co.jp | J61: Mmi0332938686
A62: 58 | B62: 社員 | C62: iphone6s | D62: 07038546729 | E62: 安部 亮 | F62: abe-mmi@ezweb.ne.jp | H62: 2017.1.17 | I62: abe@mmin-net.co.jp | J62: Mmi0332938686
A63: 59 | B63: 社員 | C63: iphone6s | D63: 07038546728 | E63: 野口 直樹 | F63: noguchi-mmi@ezweb.ne.jp | H63: 2017.1.17 | I63: noguchi@mmin-net.co.jp | J63: Mmi0332938686
A64: 60 | B64: 社員 | C64: iphone6s | D64: 07038546732 | E64: 西島 春美 | F64: nishijima-mmi@ezweb.ne.jp | H64: 2017.1.17 | I64: nishijima@mmin-net.co.jp | J64: Mmi0332938686
A65: 61 | B65: 社員 | C65: iphone6s | D65: 07038546730 | E65: 日吉 健一郎 | F65: hiyoshi-mmi@ezweb.ne.jp | H65: 2017.1.17 | I65: hiyoshi@mmin-net.co.jp | J65: Mmi0332938686
A66: 62 | B66: 社員 | C66: iphone6s | D66: 07038546731 | E66: 宮澤 惠美子 | F66: miyazawa-mmi@ezweb.ne.jp | H66: 2017.1.17 | I66: miyazawa@mmin-net.co.jp | J66: Mmi0332938686
A67: 63 | B67: 社員 | C67: iphone6 | D67: 07038642675 | E67: 松山 大輔 | F67: da-matsu-mmi@ezweb.ne.jp | H67: 2017.1.25 | I67: matsuyama@mmin-net.co.jp | J67: Mmi0332938686
A68: 64 | B68: 社員 | C68: iphone6_16GSｾ | D68: 07038628149 | E68: 渡辺 孝敬 | F68: watanabe-mmi@ezweb.ne.jp | H68: 2017.2.10 | I68: twatanabe@mmin-net.co.jp | J68: Mmi0332938686
A69: 65 | B69: 社員 | C69: iphone6_16GSｾ | D69: 07038685522 | E69: ユン ミヨン | F69: yun-mmi@ezweb.ne.jp | H69: 2017.2.17 | I69: yun@mmin-net.co.jp | J69: Mmi0332938686
A70: 66 | B70: 社員 | C70: iphone6_16GSｾ | D70: 07038685523 | E70: ソン ソンショク | F70: son-mmi@ezweb.ne.jp | H70: 2017.2.17 | I70: son@mmin-net.co.jp | J70: Mmi0332938686
... A77: 73 | B77: ｱﾙﾊﾞｲﾄﾄﾚｰﾅｰ | C77: iphone6_16GSｾ | D77: 07038705176 | E77: 三木 高子 | F77: miki-mmi@ezweb.ne.jp | H77: 2017.3.2 | I77: miki@mmin-net.co.jp | J77: Mmi0332938686
A78: 74 | B78: ｱﾙﾊﾞｲﾄﾄﾚｰﾅｰ | E78: 徳永 日出子 | J78: Mmi0332938686
A79: 75 | B79: ｱﾙﾊﾞｲﾄﾄﾚｰﾅｰ | E79: 小熊 正子 | J79: Mmi0332938686
A80: 76 | B80: ｸﾘｰﾝｽﾀｯﾌ | C80: MARVERA_ホワイト | D80: 07021657709 | E80: 川崎桜本店（人事担当用） | F80: nakashima-mmi@ezweb.ne.jp | H80: 2014.07.28
A81: 77 | B81: ｸﾘｰﾝｽﾀｯﾌ | C81: MARVERA_ホワイト | D81: 07021657710 | E81: 五所川原店 | F81: goshogawara-mmi@ezweb.ne.jp | H81: 2014.07.28
A82: 78 | B82: ｸﾘｰﾝｽﾀｯﾌ | C82: MARVERA_ホワイト | D82: 07021657711 | E82: 浜田店 | F82: hamada-mmi@ezweb.ne.jp | H82: 2014.07.28
A83: 79 | B83: ｸﾘｰﾝｽﾀｯﾌ | C83: MARVERA_ホワイト | D83: 07021657712 | E83: 青森柏店 | F83: aomorikashiwa-mmi@ezweb.ne.jp | H83: 2014.07.28
A84: 80 | B84: ｸﾘｰﾝｽﾀｯﾌ | C84: MARVERA_ホワイト | D84: 07021657713 | E84: 三好店 | F84: miyoshi-mmi@ezweb.ne.jp | H84: 2014.07.28
A85: 81 | B85: ｸﾘｰﾝｽﾀｯﾌ | C85: MARVERA_ホワイト | D85: 07021657714 | E85: サンユー新横浜本店 | F85: s.shinyokohama-mmi@ezweb.ne.jp | H85: 2014.07.28
A86: 82 | B86: ｸﾘｰﾝｽﾀｯﾌ | C86: MARVERA_ホワイト | D86: 07021657715 | E86: 郡山店（人事担当用） | F86: tamura-mmi@ezweb.ne.jp | H86: 2014.07.28
A87: 83 | B87: ｸﾘｰﾝｽﾀｯﾌ | C87: MARVERA_ホワイト | D87: 07021657716 | E87: 新庄店（人事担当用） | F87: sato.k-mmi@ezweb.ne.jp | H87: 2014.07.28
A88: 84 | B88: ｸﾘｰﾝｽﾀｯﾌ | C88: MARVERA_ホワイト | D88: 07021657717 | E88: 市原店（人事担当用） | F88: ando-mmi@ezweb.ne.jp | H88: 2014.07.28
A89: 85 | B89: ｸﾘｰﾝｽﾀｯﾌ | C89: GRATINA2_ホワイト | D89: 07021657718 | E89: 柏店（人事担当用） | F89: honma-mmi@ezweb.ne.jp | H89: 2017.1.12
A90: 86 | B90: ｸﾘｰﾝｽﾀｯﾌ | C90: MARVERA_ホワイト | D90: 07021657719 | E90: 川崎桜本店 | F90: kawasakisakuramoto-mmi@ezweb.ne.jp | H90: 2014.07.28
A91: 87 | B91: ｸﾘｰﾝｽﾀｯﾌ | C91: MARVERA_ホワイト | D91: 08035668948 | E91: 仙台新港店（人事担当） | F91: sendaishinko-mmi@ezweb.ne.jp | G91: いわき店（VC切替2015/6/11～） | H91: 2014.08.28
A92: 88 | B92: ｸﾘｰﾝｽﾀｯﾌ | C92: MARVERA_ホワイト | D92: 08035668941 | E92: 伊達店 | F92: date-mmi@ezweb.ne.jp | H92: 2014.08.28
A93: 89 | B93: ｸﾘｰﾝｽﾀｯﾌ | C93: MARVERA_ホワイト | D93: 08035668943 | E93: 宮町店 | F93: miyamachi-mmi@ezweb.ne.jp | H93: 2014.08.28
A94: 90 | B94: ｸﾘｰﾝｽﾀｯﾌ | C94: MARVERA_ホワイト | D94: 08035668940 | E94: 村山店 | F94: murayama-mmi@ezweb.ne.jp | H94: 2014.08.28
A95: 91 | B95: ｸﾘｰﾝｽﾀｯﾌ | C95: MARVERA_ホワイト | D95: 08041838650 | E95: 会津若松店 | F95: aizuwakamatsu-mmi@ezweb.ne.jp | H95: 2014.08.28
A96: 92 | B96: ｸﾘｰﾝｽﾀｯﾌ | C96: MARVERA_ホワイト | D96: 08043737693 | E96: 会津若松一箕店 | F96: aizu-ikki-mmi@ezweb.ne.jp | H96: 2014.08.28
A97: 93 | B97: ｸﾘｰﾝｽﾀｯﾌ | C97: MARVERA_ホワイト | D97: 08035668945 | E97: 米沢店 | F97: yonezawa-mmi@ezweb.ne.jp | H97: 2014.08.28
A98: 94 | B98: ｸﾘｰﾝｽﾀｯﾌ | C98: MARVERA_ホワイト | D98: 08041838651 | E98: 郡山店 | F98: koriyama-mmi@ezweb.ne.jp | H98: 2014.08.28
A99: 95 | B99: ｸﾘｰﾝｽﾀｯﾌ | C99: MARVERA_ホワイト | D99: 08034516586 | E99: 古川店 | F99: furukawa2-mmi@ezweb.ne.jp | H99: 2014.08.28
A100: 96 | B100: ｸﾘｰﾝｽﾀｯﾌ | C100: MARVERA_ホワイト | D100: 08035668946 | E100: 酒田店 | F100: sakata-mmi@ezweb.ne.jp | H100: 2014.08.28
A101: 97 | B101: ｸﾘｰﾝｽﾀｯﾌ | C101: MARVERA_ホワイト | D101: 09091307322 | E101: 新庄店 | F101: shinjo-mmi@ezweb.ne.jp | H101: 2014.08.28
A102: 98 | B102: ｸﾘｰﾝｽﾀｯﾌ | C102: MARVERA_ホワイト | D102: 09060337390 | E102: 水沢店 | F102: mizusawa-mmi@ezweb.ne.jp | H102: 2014.08.28
A103: 99 | B103: ｸﾘｰﾝｽﾀｯﾌ | C103: MARVERA_ホワイト | D103: 08034516664 | E103: 石巻店 | F103: ishinomaki-mmi@ezweb.ne.jp | H103: 2014.08.28
... A157: 153 | B157: ｸﾘｰﾝｽﾀｯﾌ | C157: GRATINA_ホワイト | D157: 08098680085 | E157: ホテル町田ヴィラ②（ホテル用） | F157: h.machida2-mmi@ezweb.ne.jp | H157: 2015.3.6
A158: 154 | B158: ｸﾘｰﾝｽﾀｯﾌ | C158: MARVERA_ホワイト | D158: 08035668949 | E158: つくば店（人事担当） | F158: riizumi-mmi@ezweb.ne.jp | G158: 小名浜店（VC切替2015/6/11～） | H158: 2014.08.28
A159: 155 | B159: ｸﾘｰﾝｽﾀｯﾌ | C159: MARVERA_ホワイト | D159: 09091308196 | E159: 橋本台店 | F159: hashimotodai-mmi@ezweb.ne.jp | H159: 2014.08.28
...

Sheet （参考）連絡網201704 
H1: hiura@mmin-net.co.jp
H3: 日浦 健二 | L3: 福岡 法和 | O3: 松田 豪之扶 | R3: 出口 栄一 | U3: 野田 哲男
H4: =IF(H3="","",VLOOKUP(H3,表示電話番号一覧!$C:$F,4,FALSE)) -> 080-3754-3568 | L4: =IF(L3="","",VLOOKUP(L3,表示電話番号一覧!$C:$F,4,FALSE)) -> 080-4862-3745 | O4: =IF(O3="","",VLOOKUP(O3,表示電話番号一覧!$C:$F,4,FALSE)) -> 090-1791-5298 | R4: =IF(R3="","",VLOOKUP(R3,表示電話番号一覧!$C:$F,4,FALSE)) -> 090-3104-3067 | U4: =IF(U3="","",VLOOKUP(U3,表示電話番号一覧!$C:$F,4,FALSE)) -> 080-3384-9464 | X4: =IF(X3="","",VLOOKUP(X3,表示電話番号一覧!$C:$F,4,FALSE)) | AA4: =IF(AA3="","",VLOOKUP(AA3,表示電話番号一覧!$C:$F,4,FALSE))
L6: 三浦 学 | O6: 川上 悟 | R6: 水澤 浩二郎 | U6: 松岡 幸恵 | X6: 山本 喬子 | AA6: 高橋 寿美
L7: =IF(L6="","",VLOOKUP(L6,表示電話番号一覧!$C:$F,4,FALSE)) -> 070-3514-2223 | O7: =IF(O6="","",VLOOKUP(O6,表示電話番号一覧!$C:$F,4,FALSE)) -> 070-3541-0264 | R7: =IF(R6="","",VLOOKUP(R6,表示電話番号一覧!$C:$F,4,FALSE)) -> 080-7933-6122 | U7: =IF(U6="","",VLOOKUP(U6,表示電話番号一覧!$C:$F,4,FALSE)) -> 090-2442-2655 | X7: =IF(X6="","",VLOOKUP(X6,表示電話番号一覧!$C:$F,4,FALSE)) -> #N/A | AA7: =IF(AA6="","",VLOOKUP(AA6,表示電話番号一覧!$C:$F,4,FALSE)) -> #N/A
L9: 松本 泰貴 | O9: 飯嶋 由佳李 | R9: 高石 薫 | U9: 安部 亮 | X9: 安藤 美穂 | AA9: 下地 浩子
L10: =IF(L9="","",VLOOKUP(L9,表示電話番号一覧!$C:$F,4,FALSE)) -> 080-4581-1554 | O10: =IF(O9="","",VLOOKUP(O9,表示電話番号一覧!$C:$F,4,FALSE)) -> 080-3431-6721 | R10: =IF(R9="","",VLOOKUP(R9,表示電話番号一覧!$C:$F,4,FALSE)) -> 080-3566-8973 | U10: =IF(U9="","",VLOOKUP(U9,表示電話番号一覧!$C:$F,4,FALSE)) -> 070-3854-6729 | X10: =IF(X9="","",VLOOKUP(X9,表示電話番号一覧!$C:$F,4,FALSE)) -> 070-3533-7394 | AA10: =IF(AA9="","",VLOOKUP(AA9,表示電話番号一覧!$C:$F,4,FALSE)) -> 080-9870-0199
L12: 伊藤 恵 | O12: 佐々木 恵美 | R12: 工藤 純子 | U12: 岸 優里
L13: =IF(L12="","",VLOOKUP(L12,表示電話番号一覧!$C:$F,4,FALSE)) -> 080-3270-6875 | O13: =IF(O12="","",VLOOKUP(O12,表示電話番号一覧!$C:$F,4,FALSE)) -> 090-9808-6751 | R13: =IF(R12="","",VLOOKUP(R12,表示電話番号一覧!$C:$F,4,FALSE)) -> 080-9802-4443 | U13: =IF(U12="","",VLOOKUP(U12,表示電話番号一覧!$C:$F,4,FALSE)) -> 080-3606-3448 | X13: =IF(X12="","",VLOOKUP(X12,表示電話番号一覧!$C:$F,4,FALSE)) | AA13: =IF(AA12="","",VLOOKUP(AA12,表示電話番号一覧!$C:$F,4,FALSE))
O15: 斯波 聡 | R15: 野口 直樹 | U15: 日吉 健一郎
B16: mmi_0001@me.com | H16: shirai-mmi@ezweb.ne.jp | L16: =IF(L15="","",VLOOKUP(L15,表示電話番号一覧!$C:$F,4,FALSE)) | O16: =IF(O15="","",VLOOKUP(O15,表示電話番号一覧!$C:$F,4,FALSE)) -> 080-4373-7684 | R16: =IF(R15="","",VLOOKUP(R15,表示電話番号一覧!$C:$F,4,FALSE)) -> 070-3854-6728 | U16: =IF(U15="","",VLOOKUP(U15,表示電話番号一覧!$C:$F,4,FALSE)) -> 070-3854-6730 | X16: =IF(X15="","",VLOOKUP(X15,表示電話番号一覧!$C:$F,4,FALSE)) | AA16: =IF(AA15="","",VLOOKUP(AA15,表示電話番号一覧!$C:$F,4,FALSE))
B18: 橋本 修一 | H18: 白井 正美 | L18: 宮﨑 正行 | O18: 清水 豊 | R18: 明石 健太 | U18: 齊藤 翔 | X18: 鑪（たたら）康介
B19: =IF(B18="","",VLOOKUP(B18,表示電話番号一覧!$C:$F,4,FALSE)) -> 090-9025-2358 | H19: =IF(H18="","",VLOOKUP(H18,表示電話番号一覧!$C:$F,4,FALSE)) -> 080-3566-8951 | L19: =IF(L18="","",VLOOKUP(L18,表示電話番号一覧!$C:$F,4,FALSE)) -> 080-3451-6474 | O19: =IF(O18="","",VLOOKUP(O18,表示電話番号一覧!$C:$F,4,FALSE)) -> 080-4373-7695 | R19: =IF(R18="","",VLOOKUP(R18,表示電話番号一覧!$C:$F,4,FALSE)) -> 080-3566-8966 | U19: =IF(U18="","",VLOOKUP(U18,表示電話番号一覧!$C:$F,4,FALSE)) -> 070-3629-7215 | X19: =IF(X18="","",VLOOKUP(X18,表示電話番号一覧!$C:$F,4,FALSE)) -> #N/A | AA19: =IF(AA18="","",VLOOKUP(AA18,表示電話番号一覧!$C:$F,4,FALSE))
O21: 中山 透 | R21: 加藤 純一 | U21: 瀧上 和樹 | X21: 鈴木 武史 | AA21: 松本 大輔
O22: =IF(O21="","",VLOOKUP(O21,表示電話番号一覧!$C:$F,4,FALSE)) -> 080-4581-1553 | R22: =IF(R21="","",VLOOKUP(R21,表示電話番号一覧!$C:$F,4,FALSE)) -> 080-3566-8974 | U22: =IF(U21="","",VLOOKUP(U21,表示電話番号一覧!$C:$F,4,FALSE)) -> 080-4373-7793 | X22: =IF(X21="","",VLOOKUP(X21,表示電話番号一覧!$C:$F,4,FALSE)) -> 070-3541-0263 | AA22: =IF(AA21="","",VLOOKUP(AA21,表示電話番号一覧!$C:$F,4,FALSE)) -> 070-3843-4639
O24: 鈴木 圭 | R24: 伊藤 祐介 | U24: 渡邊 良子 | X24: 大木 望愛
O25: =IF(O24="","",VLOOKUP(O24,表示電話番号一覧!$C:$F,4,FALSE)) -> 070-2165-7714 | R25: =IF(R24="","",VLOOKUP(R24,表示電話番号一覧!$C:$F,4,FALSE)) -> 080-3566-8978 | U25: =IF(U24="","",VLOOKUP(U24,表示電話番号一覧!$C:$F,4,FALSE)) -> 070-4201-6852 | X25: =IF(X24="","",VLOOKUP(X24,表示電話番号一覧!$C:$F,4,FALSE)) -> 090-2402-7362 | AA25: =IF(AA24="","",VLOOKUP(AA24,表示電話番号一覧!$C:$F,4,FALSE))
L27: 白鳥 大介 | O27: 田中 宏樹 | R27: 下田 隆弘 | U27: 伏見 晃一 | X27: 大澤 邦明
L28: =IF(L27="","",VLOOKUP(L27,表示電話番号一覧!$C:$F,4,FALSE)) -> 090-6033-7021 | O28: =IF(O27="","",VLOOKUP(O27,表示電話番号一覧!$C:$F,4,FALSE)) -> 080-3566-8975 | R28: =IF(R27="","",VLOOKUP(R27,表示電話番号一覧!$C:$F,4,FALSE)) -> 080-4106-8296 | U28: =IF(U27="","",VLOOKUP(U27,表示電話番号一覧!$C:$F,4,FALSE)) -> 080-3566-8958 | X28: =IF(X27="","",VLOOKUP(X27,表示電話番号一覧!$C:$F,4,FALSE)) -> 080-4373-8694 | AA28: =IF(AA27="","",VLOOKUP(AA27,表示電話番号一覧!$C:$F,4,FALSE))
O30: 東郷 一哉 | R30: 長﨑 義徳 | U30: 関 英夫 | X30: 佐藤 友岐夫
O31: =IF(O30="","",VLOOKUP(O30,表示電話番号一覧!$C:$F,4,FALSE)) -> 080-3446-7228 | R31: =IF(R30="","",VLOOKUP(R30,表示電話番号一覧!$C:$F,4,FALSE)) -> 070-3601-5755 | U31: =IF(U30="","",VLOOKUP(U30,表示電話番号一覧!$C:$F,4,FALSE)) -> 070-3609-3812 | X31: =IF(X30="","",VLOOKUP(X30,表示電話番号一覧!$C:$F,4,FALSE)) -> 080-3566-8955 | AA31: =IF(AA30="","",VLOOKUP(AA30,表示電話番号一覧!$C:$F,4,FALSE))
R33: 瀧田 賢吾 | U33: 小嶋 大樹 | X33: 市川 孝
R34: =IF(R33="","",VLOOKUP(R33,表示電話番号一覧!$C:$F,4,FALSE)) -> 080-3566-8957 | U34: =IF(U33="","",VLOOKUP(U33,表示電話番号一覧!$C:$F,4,FALSE)) -> #N/A | X34: =IF(X33="","",VLOOKUP(X33,表示電話番号一覧!$C:$F,4,FALSE)) -> 070-3533-7393 | AA34: =IF(AA33="","",VLOOKUP(AA33,表示電話番号一覧!$C:$F,4,FALSE))
L36: 磯 孝宏 | O36: 森 美弥 | R36: 川井 麻子 | U36: 矢吹 智代
H37: haba-mmi@ezweb.ne.jp | L37: =IF(L36="","",VLOOKUP(L36,表示電話番号一覧!$C:$F,4,FALSE)) -> 080-9819-8256 | O37: =IF(O36="","",VLOOKUP(O36,表示電話番号一覧!$C:$F,4,FALSE)) -> 080-4584-2248 | R37: =IF(R36="","",VLOOKUP(R36,表示電話番号一覧!$C:$F,4,FALSE)) -> #N/A | U37: =IF(U36="","",VLOOKUP(U36,表示電話番号一覧!$C:$F,4,FALSE)) -> 090-1047-0938 | X37: =IF(X36="","",VLOOKUP(X36,表示電話番号一覧!$C:$F,4,FALSE)) | AA37: =IF(AA36="","",VLOOKUP(AA36,表示電話番号一覧!$C:$F,4,FALSE))
H39: 羽場 康雄 | L39: 曽我 尚子 | O39: 新間 豊 | R39: 高橋 和夫 | U39: 梅津 香織 | X39: 難波 佳那子 | AA39: 岡田 仁美
H40: =IF(H39="","",VLOOKUP(H39,表示電話番号一覧!$C:$F,4,FALSE)) -> 080-4905-6111 | L40: =IF(L39="","",VLOOKUP(L39,表示電話番号一覧!$C:$F,4,FALSE)) -> 090-4241-0567 | O40: =IF(O39="","",VLOOKUP(O39,表示電話番号一覧!$C:$F,4,FALSE)) -> 090-4855-2641 | R40: =IF(R39="","",VLOOKUP(R39,表示電話番号一覧!$C:$F,4,FALSE)) -> 090-4938-1866 | U40: =IF(U39="","",VLOOKUP(U39,表示電話番号一覧!$C:$F,4,FALSE)) -> 090-9855-5534 | X40: =IF(X39="","",VLOOKUP(X39,表示電話番号一覧!$C:$F,4,FALSE)) -> #N/A | AA40: =IF(AA39="","",VLOOKUP(AA39,表示電話番号一覧!$C:$F,4,FALSE)) -> 080-2333-4494
L42: 青木 博之 | O42: 檜垣 壮 | R42: 松本 千絵 | U42: 桑田 拓也
E43: 社長不在の場合は | L43: =IF(L42="","",VLOOKUP(L42,表示電話番号一覧!$C:$F,4,FALSE)) -> 090-3238-0679 | O43: =IF(O42="","",VLOOKUP(O42,表示電話番号一覧!$C:$F,4,FALSE)) -> #N/A | R43: =IF(R42="","",VLOOKUP(R42,表示電話番号一覧!$C:$F,4,FALSE)) -> 080-2053-5731 | U43: =IF(U42="","",VLOOKUP(U42,表示電話番号一覧!$C:$F,4,FALSE)) -> 090-1213-2144 | X43: =IF(X42="","",VLOOKUP(X42,表示電話番号一覧!$C:$F,4,FALSE)) | AA43: =IF(AA42="","",VLOOKUP(AA42,表示電話番号一覧!$C:$F,4,FALSE))
E44: 経営管理部長が
E45: 代行して連絡をする | L45: 浅野 博 | O45: 金 英珉 | R45: 飯塚 武彦 | U45: 松山 大輔 | X45: ソン ソンショク | AA45: ユン ミヨン
L46: =IF(L45="","",VLOOKUP(L45,表示電話番号一覧!$C:$F,4,FALSE)) -> 080-3566-8956 | O46: =IF(O45="","",VLOOKUP(O45,表示電話番号一覧!$C:$F,4,FALSE)) -> 070-3547-4367 | R46: =IF(R45="","",VLOOKUP(R45,表示電話番号一覧!$C:$F,4,FALSE)) -> 070-3852-1867 | U46: =IF(U45="","",VLOOKUP(U45,表示電話番号一覧!$C:$F,4,FALSE)) -> 070-3864-2675 | X46: =IF(X45="","",VLOOKUP(X45,表示電話番号一覧!$C:$F,4,FALSE)) -> #N/A | AA46: =IF(AA45="","",VLOOKUP(AA45,表示電話番号一覧!$C:$F,4,FALSE)) -> #N/A
B47: マルハン危機情報センター
B48: ０３－５２２０－４９８４ | J48: ※ 震災等の安否確認では、連絡がとりにくい状況が予測されるため、キントーンのアプリ
J49: 『社員情報マスタ』の安否確認欄に 本人の怪我の有無、家族・家屋の状況』を記入してください
J50: キントーンに入力できない場合は、部門長にメールで報告してください

Sheet （参考）連絡網201710
G3: 日浦 健二 | K3: 福岡 法和 | N3: 松田 豪之扶 | Q3: 出口 栄一 | T3: 野田 哲男 | W3: 森 美弥
G4: =IF(G3="","",VLOOKUP(G3,表示電話番号一覧!$C:$F,4,FALSE)) -> 080-3754-3568 | K4: =IF(K3="","",VLOOKUP(K3,表示電話番号一覧!$C:$F,4,FALSE)) -> 080-4862-3745 | N4: =IF(N3="","",VLOOKUP(N3,表示電話番号一覧!$C:$F,4,FALSE)) -> 090-1791-5298 | Q4: =IF(Q3="","",VLOOKUP(Q3,表示電話番号一覧!$C:$F,4,FALSE)) -> 090-3104-3067 | T4: =IF(T3="","",VLOOKUP(T3,表示電話番号一覧!$C:$F,4,FALSE)) -> 080-3384-9464 | W4: =IF(W3="","",VLOOKUP(W3,表示電話番号一覧!$C:$F,4,FALSE)) -> 080-4584-2248 | Z4: =IF(Z3="","",VLOOKUP(Z3,表示電話番号一覧!$C:$F,4,FALSE))
G5: hiura@mmin-net.co.jp
K6: 三浦 学 | N6: 川上 悟 | Q6: 水澤 浩二郎 | T6: 松岡 幸恵 | W6: 高橋 寿美 | Z6: 小宮 慶宏 | AC6: 小宮 静佳
K7: =IF(K6="","",VLOOKUP(K6,表示電話番号一覧!$C:$F,4,FALSE)) -> 070-3514-2223 | N7: =IF(N6="","",VLOOKUP(N6,表示電話番号一覧!$C:$F,4,FALSE)) -> 070-3541-0264 | Q7: =IF(Q6="","",VLOOKUP(Q6,表示電話番号一覧!$C:$F,4,FALSE)) -> 080-7933-6122 | T7: 090-2442-2655 | W7: =IF(W6="","",VLOOKUP(W6,表示電話番号一覧!$C:$F,4,FALSE)) -> #N/A | Z7: 070-3831-8111 | AC7: 080-5746-0499
K9: 松本 泰貴 | N9: 飯嶋 由佳李 | Q9: 高石 薫 | T9: 安部 亮 | W9: 下地 浩子
K10: =IF(K9="","",VLOOKUP(K9,表示電話番号一覧!$C:$F,4,FALSE)) -> 080-4581-1554 | N10: =IF(N9="","",VLOOKUP(N9,表示電話番号一覧!$C:$F,4,FALSE)) -> 080-3431-6721 | Q10: =IF(Q9="","",VLOOKUP(Q9,表示電話番号一覧!$C:$F,4,FALSE)) -> 080-3566-8973 | T10: =IF(T9="","",VLOOKUP(T9,表示電話番号一覧!$C:$F,4,FALSE)) -> 070-3854-6729 | W10: =IF(W9="","",VLOOKUP(W9,表示電話番号一覧!$C:$F,4,FALSE)) -> 080-9870-0199
B12: 社長不在の場合は | K12: 伊藤 恵 | N12: 佐々木 恵美 | Q12: 工藤 純子 | T12: 岸 優里
B13: 経営管理部長が | K13: =IF(K12="","",VLOOKUP(K12,表示電話番号一覧!$C:$F,4,FALSE)) -> 080-3270-6875 | N13: =IF(N12="","",VLOOKUP(N12,表示電話番号一覧!$C:$F,4,FALSE)) -> 090-9808-6751 | Q13: =IF(Q12="","",VLOOKUP(Q12,表示電話番号一覧!$C:$F,4,FALSE)) -> 080-9802-4443 | T13: =IF(T12="","",VLOOKUP(T12,表示電話番号一覧!$C:$F,4,FALSE)) -> 080-3606-3448 | W13: =IF(W12="","",VLOOKUP(W12,表示電話番号一覧!$C:$F,4,FALSE)) | Z13: =IF(Z12="","",VLOOKUP(Z12,表示電話番号一覧!$C:$F,4,FALSE))
B14: 代行して連絡をする
N15: 斯波 聡 | Q15: 野口 直樹 | T15: 日吉 健一郎 | W15: 松山 大輔 | Z15: 重白 一久
K16: =IF(K15="","",VLOOKUP(K15,表示電話番号一覧!$C:$F,4,FALSE)) | N16: =IF(N15="","",VLOOKUP(N15,表示電話番号一覧!$C:$F,4,FALSE)) -> 080-4373-7684 | Q16: =IF(Q15="","",VLOOKUP(Q15,表示電話番号一覧!$C:$F,4,FALSE)) -> 070-3854-6728 | T16: =IF(T15="","",VLOOKUP(T15,表示電話番号一覧!$C:$F,4,FALSE)) -> 070-3854-6730 | W16: =IF(W15="","",VLOOKUP(W15,表示電話番号一覧!$C:$F,4,FALSE)) -> 070-3864-2675 | Z16: =IF(Z15="","",VLOOKUP(Z15,表示電話番号一覧!$C:$F,4,FALSE)) -> #N/A
B18: 橋本 修一 | G18: 白井 正美 | K18: 宮﨑 正行 | N18: 清水 豊 | Q18: 明石 健太 | T18: 齊藤 翔 | W18: 鑪（たたら）康介
B19: =IF(B18="","",VLOOKUP(B18,表示電話番号一覧!$C:$F,4,FALSE)) -> 090-9025-2358 | G19: =IF(G18="","",VLOOKUP(G18,表示電話番号一覧!$C:$F,4,FALSE)) -> 080-3566-8951 | K19: =IF(K18="","",VLOOKUP(K18,表示電話番号一覧!$C:$F,4,FALSE)) -> 080-3451-6474 | N19: =IF(N18="","",VLOOKUP(N18,表示電話番号一覧!$C:$F,4,FALSE)) -> 080-4373-7695 | Q19: =IF(Q18="","",VLOOKUP(Q18,表示電話番号一覧!$C:$F,4,FALSE)) -> 080-3566-8966 | T19: =IF(T18="","",VLOOKUP(T18,表示電話番号一覧!$C:$F,4,FALSE)) -> 070-3629-7215 | W19: =IF(W18="","",VLOOKUP(W18,表示電話番号一覧!$C:$F,4,FALSE)) -> #N/A | Z19: =IF(Z18="","",VLOOKUP(Z18,表示電話番号一覧!$C:$F,4,FALSE))
B20: mmi_0001@me.com | G20: shirai-mmi@ezweb.ne.jp
N21: 中山 透 | Q21: 加藤 純一 | T21: 瀧上 和樹 | W21: 鈴木 武史 | Z21: 松本 大輔
N22: =IF(N21="","",VLOOKUP(N21,表示電話番号一覧!$C:$F,4,FALSE)) -> 080-4581-1553 | Q22: =IF(Q21="","",VLOOKUP(Q21,表示電話番号一覧!$C:$F,4,FALSE)) -> 080-3566-8974 | T22: =IF(T21="","",VLOOKUP(T21,表示電話番号一覧!$C:$F,4,FALSE)) -> 080-4373-7793 | W22: =IF(W21="","",VLOOKUP(W21,表示電話番号一覧!$C:$F,4,FALSE)) -> 070-3541-0263 | Z22: =IF(Z21="","",VLOOKUP(Z21,表示電話番号一覧!$C:$F,4,FALSE)) -> 070-3843-4639
N24: 鈴木 圭 | Q24: 伊藤 祐介 | T24: 渡邊 良子 | W24: 大木 望愛 | Z24: 二村 眞弓
N25: =IF(N24="","",VLOOKUP(N24,表示電話番号一覧!$C:$F,4,FALSE)) -> 070-2165-7714 | Q25: =IF(Q24="","",VLOOKUP(Q24,表示電話番号一覧!$C:$F,4,FALSE)) -> 080-3566-8978 | T25: =IF(T24="","",VLOOKUP(T24,表示電話番号一覧!$C:$F,4,FALSE)) -> 070-4201-6852 | W25: =IF(W24="","",VLOOKUP(W24,表示電話番号一覧!$C:$F,4,FALSE)) -> 090-2402-7362 | Z25: =IF(Z24="","",VLOOKUP(Z24,表示電話番号一覧!$C:$F,4,FALSE)) -> 090-6950-1788
K27: 白鳥 大介 | N27: 田中 宏樹 | Q27: 下田 隆弘 | T27: 大澤 邦明
K28: =IF(K27="","",VLOOKUP(K27,表示電話番号一覧!$C:$F,4,FALSE)) -> 090-6033-7021 | N28: =IF(N27="","",VLOOKUP(N27,表示電話番号一覧!$C:$F,4,FALSE)) -> 080-3566-8975 | Q28: =IF(Q27="","",VLOOKUP(Q27,表示電話番号一覧!$C:$F,4,FALSE)) -> 080-4106-8296 | T28: =IF(T27="","",VLOOKUP(T27,表示電話番号一覧!$C:$F,4,FALSE)) -> 080-4373-8694 | Z28: =IF(Z27="","",VLOOKUP(Z27,表示電話番号一覧!$C:$F,4,FALSE))
N30: 東郷 一哉 | Q30: 長﨑 義徳 | T30: 関 英夫 | W30: 佐藤 友岐夫 | Z30: 伏見 晃一
N31: =IF(N30="","",VLOOKUP(N30,表示電話番号一覧!$C:$F,4,FALSE)) -> 080-3446-7228 | Q31: =IF(Q30="","",VLOOKUP(Q30,表示電話番号一覧!$C:$F,4,FALSE)) -> 070-3601-5755 | T31: =IF(T30="","",VLOOKUP(T30,表示電話番号一覧!$C:$F,4,FALSE)) -> 070-3609-3812 | W31: =IF(W30="","",VLOOKUP(W30,表示電話番号一覧!$C:$F,4,FALSE)) -> 080-3566-8955 | Z31: =IF(Z30="","",VLOOKUP(Z30,表示電話番号一覧!$C:$F,4,FALSE)) -> 080-3566-8958
Q33: 瀧田 賢吾 | T33: 市川 孝 | W33: 川崎 哲也
Q34: =IF(Q33="","",VLOOKUP(Q33,表示電話番号一覧!$C:$F,4,FALSE)) -> 080-3566-8957 | T34: =IF(T33="","",VLOOKUP(T33,表示電話番号一覧!$C:$F,4,FALSE)) -> 070-3533-7393 | W34: 070-4504-5778
K36: 磯 孝宏 | N36: 浅川 喜希 | Q36: 矢吹 智代
K37: =IF(K36="","",VLOOKUP(K36,表示電話番号一覧!$C:$F,4,FALSE)) -> 080-9819-8256 | N37: =IF(N36="","",VLOOKUP(N36,表示電話番号一覧!$C:$F,4,FALSE)) -> 080-5190-8426 | Q37: =IF(Q36="","",VLOOKUP(Q36,表示電話番号一覧!$C:$F,4,FALSE)) -> 090-1047-0938 | W37: =IF(W36="","",VLOOKUP(W36,表示電話番号一覧!$C:$F,4,FALSE)) | Z37: =IF(Z36="","",VLOOKUP(Z36,表示電話番号一覧!$C:$F,4,FALSE))
G39: 羽場 康雄 | K39: 曽我 尚子 | N39: 新間 豊 | Q39: 高橋 和夫 | T39: 梅津 香織 | W39: 難波 佳那子 | Z39: 岡田 仁美
G40: =IF(G39="","",VLOOKUP(G39,表示電話番号一覧!$C:$F,4,FALSE)) -> 080-4905-6111 | K40: =IF(K39="","",VLOOKUP(K39,表示電話番号一覧!$C:$F,4,FALSE)) -> 090-4241-0567 | N40: =IF(N39="","",VLOOKUP(N39,表示電話番号一覧!$C:$F,4,FALSE)) -> 090-4855-2641 | Q40: =IF(Q39="","",VLOOKUP(Q39,表示電話番号一覧!$C:$F,4,FALSE)) -> 090-4938-1866 | T40: =IF(T39="","",VLOOKUP(T39,表示電話番号一覧!$C:$F,4,FALSE)) -> 090-9855-5534 | W40: =IF(W39="","",VLOOKUP(W39,表示電話番号一覧!$C:$F,4,FALSE)) -> #N/A | Z40: =IF(Z39="","",VLOOKUP(Z39,表示電話番号一覧!$C:$F,4,FALSE)) -> 080-2333-4494
G41: haba-mmi@ezweb.ne.jp
K42: 青木 博之 | N42: 檜垣 壮 | Q42: 松本 千絵 | T42: 桑田 拓也
K43: 090-3238-0679 | N43: =IF(N42="","",VLOOKUP(N42,表示電話番号一覧!$C:$F,4,FALSE)) -> #N/A | Q43: =IF(Q42="","",VLOOKUP(Q42,表示電話番号一覧!$C:$F,4,FALSE)) -> 080-2053-5731 | T43: 090-1213-2144 | W43: =IF(W42="","",VLOOKUP(W42,表示電話番号一覧!$C:$F,4,FALSE))
K45: 浅野 博 | N45: 金 英珉 | Q45: 飯塚 武彦 | T45: 安藤 美穂
K46: =IF(K45="","",VLOOKUP(K45,表示電話番号一覧!$C:$F,4,FALSE)) -> 080-3566-8956 | N46: =IF(N45="","",VLOOKUP(N45,表示電話番号一覧!$C:$F,4,FALSE)) -> 070-3547-4367 | Q46: =IF(Q45="","",VLOOKUP(Q45,表示電話番号一覧!$C:$F,4,FALSE)) -> 070-3852-1867 | T46: =IF(T45="","",VLOOKUP(T45,表示電話番号一覧!$C:$F,4,FALSE)) -> 070-3533-7394
N48: ソン ソンショク | Q48: ユン ミヨン | T48: 金 恩志 | W48: 朴 秀彬 | Z48: ヴォン ティ リエウ
N49: =IF(N48="","",VLOOKUP(N48,表示電話番号一覧!$C:$F,4,FALSE)) -> #N/A | Q49: =IF(Q48="","",VLOOKUP(Q48,表示電話番号一覧!$C:$F,4,FALSE)) -> #N/A | T49: 070-3862-8149 | W49: 080-3566-8953 | Z49: 070-3872-7701
B51: マルハン危機情報センター | I51: ※ 震災等の安否確認では、連絡がとりにくい状況が予測されるため、キントーンのアプリ
B52: ０３－５２２０－４９８４ | I52: 『社員情報マスタ』の安否確認欄に 本人の怪我の有無、家族・家屋の状況』を記入してください
I53: キントーンに入力できない場合は、部門長にメールで報告してください
